family,memberof
BPMx,BPMx
BPMx,BPM
BPMx,Diagnostics
BPMx,Plotfamily
BPMy,BPMy
BPMy,BPM
BPMy,Diagnostics
BPMy,Plotfamily
HTRIM,HTRIM
HTRIM,COR
HTRIM,Plotfamily
HTRIM,Magnet
HTRIM,MachineConfig
VTRIM,VTRIM
VTRIM,COR
VTRIM,Plotfamily
VTRIM,Magnet
VTRIM,MachineConfig
CHIC,CHIC
CHIC,COR
CHIC,Plotfamily
CHIC,Magnet
CHIC,MachineConfig
Q1D,Q1D
Q1D,Tune Corrector
Q1D,QUAD
Q1D,Magnet
Q1D,Plotfamily
Q1D,MachineConfig
Q2D,Q2D
Q2D,Tune Corrector
Q2D,QUAD
Q2D,Magnet
Q2D,Plotfamily
Q2D,MachineConfig
Q3D,Q3D
Q3D,Tune Corrector
Q3D,QUAD
Q3D,Magnet
Q3D,Plotfamily
Q3D,MachineConfig
Q2AD,Q2AD
Q2AD,QUAD
Q2AD,Magnet
Q2AD,Plotfamily
Q2AD,MachineConfig
Q1AD,Q1AD
Q1AD,QUAD
Q1AD,Magnet
Q1AD,Plotfamily
Q1AD,MachineConfig
Q1AB,Q1AB
Q1AB,QUAD
Q1AB,Magnet
Q1AB,Plotfamily
Q1AB,MachineConfig
Q2AB,Q2AB
Q2AB,QUAD
Q2AB,Magnet
Q2AB,Plotfamily
Q2AB,MachineConfig
Q3B,Q3B
Q3B,Tune Corrector
Q3B,QUAD
Q3B,Magnet
Q3B,Plotfamily
Q3B,MachineConfig
Q2B,Q2B
Q2B,Tune Corrector
Q2B,QUAD
Q2B,Magnet
Q2B,Plotfamily
Q2B,MachineConfig
Q1B,Q1B
Q1B,Tune Corrector
Q1B,QUAD
Q1B,Magnet
Q1B,Plotfamily
Q1B,MachineConfig
QM09,QM09
QM09,QUAD
QM09,Magnet
QM09,Plotfamily
QM09,MachineConfig
QM13,QM13
QM13,QUAD
QM13,Magnet
QM13,Plotfamily
QM13,MachineConfig
S1D,S1D
S1D,SEXT
S1D,Plotfamily
S1D,Magnet
S1D,MachineConfig
S2D,S2D
S2D,SEXT
S2D,Plotfamily
S2D,Magnet
S2D,MachineConfig
S2A,S2A
S2A,Chromaticity Corrector
S2A,Magnet
S2A,SEXT
S2A,Plotfamily
S2A,MachineConfig
S1A,S1A
S1A,Chromaticity Corrector
S1A,Magnet
S1A,SEXT
S1A,Plotfamily
S1A,MachineConfig
S2C,S2C
S2C,SEXT
S2C,Plotfamily
S2C,Magnet
S2C,MachineConfig
S1C,S1C
S1C,SEXT
S1C,Plotfamily
S1C,Magnet
S1C,MachineConfig
S1B,S1B
S1B,SEXT
S1B,Plotfamily
S1B,Magnet
S1B,MachineConfig
S2B,S2B
S2B,SEXT
S2B,Plotfamily
S2B,Magnet
S2B,MachineConfig
SQUAD,SQUAD
SQUAD,Magnet
SQUAD,Plotfamily
SQUAD,MachineConfig
BEND,BEND
BEND,Magnet
BEND,MachineConfig
HCM,HCM
HCM,COR
HCM,Magnet
HCM,Plotfamily
HCM,MachineConfig
VCM,VCM
VCM,COR
VCM,Magnet
VCM,Plotfamily
VCM,MachineConfig
RF,RF
